{"version":250,"hash":{"type":"Buffer","data":"IU1xjVjxM2UxqLaCm0V9wqG5SQvMNIcciURetn/SbDYyuuFB+FeA7Wv63GCbP3XtYpHE+RDtm+6aAJos2jlnv350neoUkarDO7zrFpOfCmAmZdT7Cz3nerroZp6l7kouDQkmgyXXkotXiyMVrcVfxbu27lbpcw0FDqngYp+ihjs="},"indexValueMap":{"AUagAGQKiCT2NTsW1fuECmaPCIwI7VNUFgrJDm7Ch2Y=":{"valueMac":{"type":"Buffer","data":"wSUCi8RIagIIjAhhsZmaDALou4P3i0FSYJlcrASxnqM="}},"AZb5TCxKczyxEBxfEDo6rv4Bn7dGPz364f6MrkGP5fc=":{"valueMac":{"type":"Buffer","data":"cRjTzauwjsYnil70jELissV1pY5JWWt+HknMOvP73aU="}},"Ap9Ke1C3BVp/SSRm1sZmSt92BdRZwkOL/0+AEZ39tvA=":{"valueMac":{"type":"Buffer","data":"YtUeDGXE2DNi6qwtAM5LGV4Dfl566meGMvqq7ITlCu0="}},"A600GcxjE64hSX3VN6U27uQAql2+Iz/P5SF4ELBfDVM=":{"valueMac":{"type":"Buffer","data":"zMHn1j/sKPnkp9SFRTeIVGRAclcRGrpRpqW/VUO9888="}},"BLANWOec7dii5t+KIBFiCfKV/43N61ntXtv9GqT+3KY=":{"valueMac":{"type":"Buffer","data":"AXhnh+Ve7RoZDfkbZ5of/lgTIfswrMDwhilh/bDKvVc="}},"BPfB1nRjaYSFleP3ZD+XIlsOJ9mG82UFUWoIi0/+5+4=":{"valueMac":{"type":"Buffer","data":"CcfR6HGHgoHmJouagajQ5fsFBRPgoD2guLPHHVqmDuI="}},"BRrz/uIggQHLMra423JC59nvgM6AfP4SeF4z6Vupy+4=":{"valueMac":{"type":"Buffer","data":"Gsch1a/98priYjRk+PxCpnhFDzhu6iFx+CXi31TQBDg="}},"Bzv0HrJ94GOMkibu9IulQuBdi2S+XjMPRYtu+l3cbM4=":{"valueMac":{"type":"Buffer","data":"WEBA3FC9peWFVOE2AFYJ6x0TzYeVouOFgtu38oZuqAo="}},"CKE0APXLvEYYaPhU52qvQbBGtB2VPi1zlf29jeeQAB8=":{"valueMac":{"type":"Buffer","data":"oc7Rtfxc89UoarRIAdMdFwZjJ/zh3dDHybRB1V0r+8g="}},"CtjHh90Pk4HTGsEGq/2sz0zJYCiZ/a+nTipT0Hr2x5g=":{"valueMac":{"type":"Buffer","data":"6wW25zIhF0Y775A5rSnahvkauM7FBTvyHOGlR78RmP0="}},"DC+5LLp2RGSSxQyXQmByNrgcAnIJyityI8K/lzXd2vs=":{"valueMac":{"type":"Buffer","data":"MACGMTY1xfs0TAEkHvZVQBftG0bcYuVytgBk5jRrcu8="}},"Dk8aIHQhGcY6kDLLEbYygK+V4MqjoFQNz1UsagRc0zc=":{"valueMac":{"type":"Buffer","data":"ryvZr/XseX5wxOYnbgV4byyuXuskC7PFTQLiFsvnyAI="}},"D4RLJln/kEorfuR8YhngONYZ/tqvV1T+azEuoedZvpM=":{"valueMac":{"type":"Buffer","data":"RDWz2+UEvmO7t2bJwviTtNzLATW1QvgqAZbar8EckYQ="}},"Eu5ZzcW6xglaHuCfbo4EElR3RiM6wML3NtgdU9BKJfI=":{"valueMac":{"type":"Buffer","data":"JJscRQmpeLl3xzIp80js7X4npqfYA7/O2fbDIjTnvQ4="}},"FJx45dSlCiKUGh663yISkPI8rUwA7nDSCOWST0OMU/M=":{"valueMac":{"type":"Buffer","data":"tcyafS5nBx+Qv83QaAd95o/+rOAeDPQq2vRyco0g0Vs="}},"FNwiQMUcJESQ+moYFNsTiNtWUf1QCIjxABPLxTT4QvM=":{"valueMac":{"type":"Buffer","data":"z27Uut7Zrkz3572ZV1jvi0UjPBEKNmiupzziw3g1Uzg="}},"FXDUeItXZOyNbomspF512lfxWBUAdpbRo6FlyIIx3LA=":{"valueMac":{"type":"Buffer","data":"83YTQ0YYRxQKs9tP6gAEN6Bs7nU2M/PXAARI3dt7KNY="}},"FfXA+CDb9DMyMwo0hXn5fgCHnQjVtlehBkByAkSf4Rg=":{"valueMac":{"type":"Buffer","data":"mBJmRsQLm8XgjzwAjIlWamrvojrumkLnBVyaj7A0zys="}},"FpZsrq0c2yMEMNhZzgrS06SRZJtHzCSu/Dw0Z2c0qug=":{"valueMac":{"type":"Buffer","data":"eMFg5BBqIq6CA2fgnATzkofCgYfkidrb343AV52yyzg="}},"GU/TwkNL9G4Ld98GbgL93qW+h6pPj1BBPKCahOklDeo=":{"valueMac":{"type":"Buffer","data":"GWfrbdlB7PHvHfOZHBsq3Mc/Gg7VG5gL9WKgXBBTnoo="}},"GbOPDfX32Io3b8mZ8wE7gAmeOFOnpMBXvoYpUt3xUrM=":{"valueMac":{"type":"Buffer","data":"lD6eu+7YYdqzkrXycH611zx+8Yx9wAjNIKDfSV9FJ34="}},"IEBOg56RmkT7m4r7EHQlHjC3GY8QeA1tACdj5r8FimA=":{"valueMac":{"type":"Buffer","data":"xiTnRrZ/RCDs5LIPVZsYNaKrCf1HeJAZPk/kpkQe7VE="}},"IPUN351b+w9fBh5pIvMhygEE3zJBiWDgkK5GhvYtETc=":{"valueMac":{"type":"Buffer","data":"pwFb8XKrZv08rUr3tZqs66pPhQtGgnkWyz7O7mpbXSc="}},"JCDOXBKs6Lsg1lDzAvbYqn7qo2dRSC1wmcfuJUnPrPw=":{"valueMac":{"type":"Buffer","data":"43yGiJdq6/p9NkPnJvHDkhhBamEVjgiP7NkJZtKd69Y="}},"JFU/0MaO43Dgs2VhV7ECu+BmNzvFrV5nu//FcqeABRc=":{"valueMac":{"type":"Buffer","data":"32RkBIx4FrtHPK8oGiDuGlDfuzDIZxEh+xh0i+dj2NA="}},"JYnkLuhzd/2D2jluuqrP9B6vrhYNSiSC1wb3nhKzaXw=":{"valueMac":{"type":"Buffer","data":"ZWVlf64amAraDsc3Q5oaSQWcNzKPmbNORT4/DC4+lDM="}},"J2ZhOcSzpGuXwrdaWKuzMF1iazKqvfAIjqBfdYlGh94=":{"valueMac":{"type":"Buffer","data":"hcTaHF6Wibn9ofQs519D6MDVZzL7NPGjt4BxuY42u88="}},"J47oTVIvI+Yy/8ZajXQnBwEl6VhQjL6UM7OXK5RgmTk=":{"valueMac":{"type":"Buffer","data":"J8QXS7RZNL9hfgUkQRqlzSkxG017DcLgQ0Kx8X19du8="}},"J5YAroiqNnMWgsF5uYdlVlQxTqwcP0ssHLqWogdew9Q=":{"valueMac":{"type":"Buffer","data":"mOHCJXUJFGiU9iPzPHqFMuGN+VQFijOSJ/wXL+Xpluc="}},"KM/Bmy4Xm33WUu6d5l0h3YztSr/s0JAMtrFs8zaL+hg=":{"valueMac":{"type":"Buffer","data":"xenZuEZQ26UdnXTiZ9ugH1Msk1zFZc982cxrcISaoAo="}},"LEiHD7/0VD5+av/VyoOf3Liq1FzcdRVF8Eao0pxgLRE=":{"valueMac":{"type":"Buffer","data":"SmruY4EVplNEoDK2+P7UO+0NPtAWahkvnWxW5hCFViM="}},"L0S7wj3bTSJ5YimxaIyHYqGajkz9NnLLQapfxo4ygBA=":{"valueMac":{"type":"Buffer","data":"G2embwdOMlBYEvCWNZUK4r7qOG8hidxECqnrXhjO5k4="}},"NH/rwm0qT0qefeJj8kKVKse+rglt7HTMCd+jhqTamf8=":{"valueMac":{"type":"Buffer","data":"fZcEhXuqNsDyCMvXTifuY7YfbPzRV17YlXzTVzwvvr4="}},"NKrtrmcO6JfqWHr/85fEH/rAUvYzHuJdLe1or6SWXO0=":{"valueMac":{"type":"Buffer","data":"9njxE5u8DdN7AAF1AWEgsT4G4nlZ8JqCB9q2+c419nE="}},"NdO+EPXaJJuqVfId+lIhCAsBAS5OA26LxxptGogugOU=":{"valueMac":{"type":"Buffer","data":"wSB6FGImb25bfSd1TJiJJLnQJPVbeR6W2cApqe8VYFc="}},"NpTl8tGEa9y7rBwyR3huw4F5/54gI43KEPmNgKfKEFA=":{"valueMac":{"type":"Buffer","data":"mL2LP71JLagBiOJJA1L+6zw4z44VBHWCo+PlJ4jsq6A="}},"N7ZPE5gm/YW8TDz6zxe3oJHHba1lXoCe4jFF3ejkUaA=":{"valueMac":{"type":"Buffer","data":"rB0QTbEhlXvLkrmyXlc8phEugRDCnfCtIFioEZQdNNE="}},"N+h+bqh5zitAEw8o11axLCc+zYjDs+Is9xpqtNluM1c=":{"valueMac":{"type":"Buffer","data":"BAgW2Msg0owzFlZxVUBG9Wr/A81tBiciqMISPOK/gFQ="}},"OyNTl8zEa/luRBgdyL1W63MkAkQ7nT5tZDiF9ojz11o=":{"valueMac":{"type":"Buffer","data":"nNQ9uCilfr2xsQHoSuOWT2QFwb4OCsckHvLeRj7xw20="}},"PBVavzxNa2psFZrYP5zmiaXFMV0XC2hlIhrFyfE5QFU=":{"valueMac":{"type":"Buffer","data":"/VvjLPXfFEukwIIdRmK3T5rv5C9NYgjRn3rEB0y69Wg="}},"POTR6rAkgKRhBdNsQaOrYzm1D/BigmXFzESg1MLPntE=":{"valueMac":{"type":"Buffer","data":"RaN4peJTJCrFBleUq7+8NU/dePu8chDmaMfpf2sN6Gk="}},"PVQVIaCdL9B5pycq4+zElI+8m+CQSUt9Y7NfFHx8uB0=":{"valueMac":{"type":"Buffer","data":"doaI6FY/b5tVafBZPlbhwzqsxuPhe0cCNcHAWI8G9eI="}},"Pq/zO5SrvSnNUMxWyuGYKKo70v9QvIKO5gT5Ygz0Ju0=":{"valueMac":{"type":"Buffer","data":"uBd7I3e33SwyljZ38d7CnfBpO4A+hdG6D07k/EHTScU="}},"QGgLaJuhQ5NJy9DCPl3kFgwVsk1b7Q/lYqyNMiqj144=":{"valueMac":{"type":"Buffer","data":"GgPwfgitN/JHSAmnFw9E2nsjlfe55MBskeNQ1PPK2uI="}},"Qz+JsrNRzNC3eOZ0IGY7qIshVJnVXqTd+X9eQRg0oEc=":{"valueMac":{"type":"Buffer","data":"qWte6sjijJdzAEEQcb8GALuEGBPthhU8muDwg/25H6A="}},"Q+uQi2wlthKJldIp2LkgpW6qOCNno0d1DooO8HgrnIs=":{"valueMac":{"type":"Buffer","data":"Xn8nDoiWKxizlzBvBZTQK5DseVmphjhpVkLkUmyfiOQ="}},"RAaOfUb4yjNLTzhVMLahSOwW6qJFm7bnxLpOjizN+b0=":{"valueMac":{"type":"Buffer","data":"f/Qedc+dYbjiuqVfB8WdHlEClkUHa8lzvBwsGo+ZTKY="}},"SG+crkpPql5BdBoow7dXVbWG8NB5Q1yxBes6hmb/GNM=":{"valueMac":{"type":"Buffer","data":"i47mXTyt+o1LWCDQ+LD5fuY6+ddgVURFT8xiXfcz5Iw="}},"SLiajf0LOyGnLqIiR0Wi7qrmJr7cpSsE/gO5gSGeHnw=":{"valueMac":{"type":"Buffer","data":"ZDoXYkicmjVKe0AG2SpdT4HkEQNZTG9Wm79Yii4HSR8="}},"SSMVbWROizkMAcfpPwjdFi1s69eOKIhge1P7fw3wLvc=":{"valueMac":{"type":"Buffer","data":"RR2KrvP7gdTmdEccrRlJeUnYk3qqkLNk4FQu3q6l2Wk="}},"SS9xc01QdnyGmxZauOvDIYn4ZfOQuzBfapWPOtCHer4=":{"valueMac":{"type":"Buffer","data":"sAJU+wCYuanWXQNsY2+fsm+8rPdA+ytkjtqdorYVSTU="}},"S8TYajl16rhhljWT3SYhd0erWLBjWzDNQOEEwLDRhRA=":{"valueMac":{"type":"Buffer","data":"Ft7Tjcx7se7jEv3BGrccOf1qWPwIvBabP7JpNn/SeQ0="}},"Tz1HJUWTb0QC7RDnwhkdC0RsQ8zmemBYEfeTPi0jTRU=":{"valueMac":{"type":"Buffer","data":"5dUr1NC6x/MGcUOA7CHMGHSjU4INe6SLwzJlK7rYX9I="}},"UFHYhGlK8P5U3TSxizfQPiP63LgZf6gzaKOg/Wn94Rc=":{"valueMac":{"type":"Buffer","data":"/yWKBw7dwgFXGVWs3tW25jVMmxL73srkPeo6X5nhnvk="}},"UFTWnFqCRzt9gdBBcjGldHYbIu9mywcRaVmztO3f9lc=":{"valueMac":{"type":"Buffer","data":"uMeEd8YfH+4DETQEIncrm9QKKa+hFjMvrDUILLVoYzU="}},"UVOA6pcjdJidcITSGdwVdDdOtcz63jFCRZMp+Ge1QUw=":{"valueMac":{"type":"Buffer","data":"nKKYxWLCFVAtQxtPfW7EP/dk7XgRPOEoOHXPbaybrFI="}},"UnUNVoSiB7Zz6xWyXF9S/blrYPRD+NDsQEmktMTtuFQ=":{"valueMac":{"type":"Buffer","data":"8FvQwH/u9ndVcMkxGgQhyCxgNCZNGXn8FcWB+IsaRbQ="}},"VAitYUKf5ig/1+9ITc1tXwD2qWjZgf2nKWwcA1OEccU=":{"valueMac":{"type":"Buffer","data":"xB7sojp4IQIvZRauYUaFBfawpHREyObXyxUBJFZ4gZM="}},"VzsFmP5S1X7yKJa0r9xo0grk1gy/HH0sqNosAaDGzPs=":{"valueMac":{"type":"Buffer","data":"Sa5nf4Id8bL/rOAyF0bm0OZViUEUPZ8bR+wmCgal838="}},"WLyJjVgp4W8M979c9M8KhW0eX5gpMfCVp75VnxzmDPk=":{"valueMac":{"type":"Buffer","data":"4rYSztJ0KVQ4wjp4GWq4dpIoRbosnbBCPEadKfdcDeQ="}},"WlPQGO6e5AQvEx5584BIQehcEHQbOrpt3XYr652trMo=":{"valueMac":{"type":"Buffer","data":"/za/5rhMPNj9EZCHxw66iNN5UGiq4xWuDUUuKgUnY0E="}},"XlWlrzMQMvsCD19voU4tltlUqBNwILUWTtW3ZCTY6Ww=":{"valueMac":{"type":"Buffer","data":"INFYb0zMIPw54ppdjpAbW3qbqY/U+1fHHLNw5g+rwYM="}},"X1fUUGBzSm225bBmzPZ+5cNTLLy/0KxOmLFjw+6un3Y=":{"valueMac":{"type":"Buffer","data":"XFFYWI9KKe9cN/X+5rEXplyZxVmnbQ+Z9UI5RhkvWw0="}},"X9p8fNtV1q9FhQEVIvLHUCNUFExnOGoVDjFX3uojOmU=":{"valueMac":{"type":"Buffer","data":"0ZQBmPxcm+Bsgt1BC28bOmrmgjXlkrEMlh1LNbMlGGY="}},"YMS7Ddm1S7NqcFN9rU8Z/zZ1v4oHN05arGkzpIu/OOM=":{"valueMac":{"type":"Buffer","data":"jAVItasYlQlaH1OBdx8Ks1DcBY2sk9MtldxLkxV0MX4="}},"YQa/fIMz3E8hC9X0gQaayBUIHsuzOtS0T/uaepmq3Ww=":{"valueMac":{"type":"Buffer","data":"0zN9qjPhQULBlJ295Q40tSKVnoMzrIlN4aGFccH3Hz0="}},"YuEjROGEJf2EKFrvUoDH534A2k6VMWHfos+HCvLK96U=":{"valueMac":{"type":"Buffer","data":"6pf+yCGpVqabanJ65uRBAGsHlNxC6WrWClSU7mqTKcM="}},"ZWVKGvaHVR2kXHRcHvryKyXJVCUtVy6raf6iXPqKagg=":{"valueMac":{"type":"Buffer","data":"mNGf09/8grfOcgnsw0PmHTx1wxKn/DLuxb62uaVmxNE="}},"biC/XSH4QGvh9u/T+zXYajkMaheEPboCFqHWHztt808=":{"valueMac":{"type":"Buffer","data":"t2k1Vn00g8wMLTWuoXaF5q8QqOxwi0feKOW2YQcuaPs="}},"cJjQqbCqm8DH2XmZsDP4EQo/Nz8toQVe5XQll1zCkfY=":{"valueMac":{"type":"Buffer","data":"QaL6AkhZ1u+mKk9HMXlweGgrdWcBH2YrP/U5QWt1YYI="}},"c+Br/cuwKmLN4ZnlD99EaGbt5Vz/bcteQMQTx+XmBcE=":{"valueMac":{"type":"Buffer","data":"EtJb/tHh80bQZpFEus2bUaBETJRVIM4vxFvfIwG2zXc="}},"dmQdL6M1QCfSJ07wOhPBHhzBb2fh7oB1Rl43WRgbuOM=":{"valueMac":{"type":"Buffer","data":"auDnduAKtL+67kIWtKWUeJuvOaZZxdzs45PFrpa9reQ="}},"dzSPFZqAeFUWOE5HDr8SrlhHg8diUaJTK1YPXUi1R/I=":{"valueMac":{"type":"Buffer","data":"PGQxqZamMwXwYTOw+gcHaTtnhIER+leIT2QT+w1ldck="}},"d757CkgBqPH5TAnsdM4AKFsFESrli1fIL0UyuGBRpT8=":{"valueMac":{"type":"Buffer","data":"cB69Br08n75f6ZrTuSASAFc6NkV03ZZYBWC4McYVTgY="}},"e2jdX8G7apcP9J59tEO0i9iPcdmvQJQ+y1Pnj84WoMg=":{"valueMac":{"type":"Buffer","data":"ZYnzsA6/0KbP26RewkHYjZdOtO6RwMwWriQwfmdDVCQ="}},"e9xMqBuuT9e4ayIQVHA3DmVokSjtJsqPrS/Bzf3QeUk=":{"valueMac":{"type":"Buffer","data":"afFBaVo8CUTiSsoDXISTWqGNRKKZUZPgqVKqGRY2sjs="}},"fA7OydhDgpEt9mOjhHxVmemMMuzP93YWZ57lJKszuKM=":{"valueMac":{"type":"Buffer","data":"6Gh0Djlu4loiccSSC5G/5Wp3f/cNE/uqfVH6n8y7ij0="}},"fqvjGqMmOL1sZ4F0OkA8D9MpRORKGzJ2lhm31z499QI=":{"valueMac":{"type":"Buffer","data":"lRxP5wgOuK+fbijFBIiFX2vfx4W7bn0jVkUlv6sRGUk="}},"f0fDOMUNPwLCKLluChuiqFPmzlYulg2GSn6CEgyHRYQ=":{"valueMac":{"type":"Buffer","data":"PavIHrufn/aaDdH8SBInCF3hx5ZgFS6ES6QTzmT7mAM="}},"gGeyShs9ISYSdmGhzsw/H4S7qSDL7nCr/c4o+aZgGec=":{"valueMac":{"type":"Buffer","data":"RSIhfocjMAqgYxxMeR7pNzx8Dqkis5eiG7M2tXrT1Co="}},"gITFzDmBF1nWspPWRCgi3+LYc4Ho8JccdIqj0Em9MyU=":{"valueMac":{"type":"Buffer","data":"plIWB2Zh3tpTei2wQR8TY7x7Bgfd2f1R6PvjveC0iE8="}},"gd1vm+C2t9EORQ9Yc046KyQOLKfAbkCHAfwisHR0LvY=":{"valueMac":{"type":"Buffer","data":"DgYYvNxsKCWhSK+SfNd4XQ67zrQmk1PsuJ05aIVfqKk="}},"go+pfCdi4L4wJG+9CFVb/Ba25/NiouOy1+LwXRMJL8o=":{"valueMac":{"type":"Buffer","data":"3OJF6bi1AnBhcN6xOqD+UyNBszD6ninM0F0yOf9UEYA="}},"gubE/sbupuEC+PS/dx2fK1udeVYLlwp+EFFMocQFEMk=":{"valueMac":{"type":"Buffer","data":"4W6q31cwINqIxXfBLKylj/VI8SXGWoxPU65coy4TxNA="}},"hCqZ+Zk/FqU5KK4HMlkDkjL+uVbmsCpZuAreATMYuUY=":{"valueMac":{"type":"Buffer","data":"zGDfgchHP2cWUsK3c4ebLKVeetfiTwS3ChYJW9tcVbg="}},"hOuSZHG3+F3f2nVlQb9aRplztTJr2wv7K5nRTVglPGA=":{"valueMac":{"type":"Buffer","data":"DdHeZA68ZixOCG0IbRqkdtt5bOB7R8+nQTHOLMqPjvc="}},"hbTR5WhEgpIRUZfIlop/HLB1xsu2kKkYV3XUJI9hm9E=":{"valueMac":{"type":"Buffer","data":"I3X28mOfTccV5d3yKJRMIeYGdJa+S7fGLkPXxNoyNC4="}},"hiXIjVR3PNhoeFSFRtmUwNYVYLlKQafjVC16PJHsdNI=":{"valueMac":{"type":"Buffer","data":"BToCJisCeika5ezmUjsLoQHn2G0NXJzDPUPx3WyOCRk="}},"h2qTmQbkhQElbQCH9gZW5pR9MO+YiVpGf+UVdaMUCX8=":{"valueMac":{"type":"Buffer","data":"oHfw0C/ysu747I/EkzmvBQDFmjo6hGA2xxWjq88zF7M="}},"i0lHwW7mHTRKwsSx8Y00gJBoZfceigNPYGAppTWSEp8=":{"valueMac":{"type":"Buffer","data":"QogwggFh5Wx1rT39bADy1EdSFso6NqdHYI0nxKC4uZw="}},"i3+p+nOnRD9nobc9cOYFQKSVXxWjWlc/JSQgh43aAUI=":{"valueMac":{"type":"Buffer","data":"EfHClrJLF56MWWnBIiXBX4fhu2HEefY7rD0oOJGz5ug="}},"jXEw+mxavGvP79e+tBepYLtjwjZfh/ujovYA1zYo42s=":{"valueMac":{"type":"Buffer","data":"VXBls9KuLJYIQW0urdi5ULZlCiW21qjHGsZKLbXef5w="}},"jYV7byUTx/ylTQBjAKdZVxSJs2DKkataTsede1Ak2RE=":{"valueMac":{"type":"Buffer","data":"h3504uqsdj6239Tbe6Y3EQvufAZu6sKhmLXNxNm2seE="}},"j7TwkpswkuwMx+RLcgcpC6iRhhMs0t1y0BW84kyxmu0=":{"valueMac":{"type":"Buffer","data":"N6GeMWA6oIFCWhGl9659hLL08oH+6xsbut7DJWT9wps="}},"kTkip9DmvzbaSw5dmvC625bhB7/lceIP13vbaJKRjMM=":{"valueMac":{"type":"Buffer","data":"OR7itohwIozyDd5vqWJjSHhpChtqWXaUoVkhRIyJNV0="}},"mZafUsoSP8H+hNlIwC+oZkBpKsn+tZCT0vd9fIAAwGk=":{"valueMac":{"type":"Buffer","data":"deuTNoaa1uJQHS2NU8FKSUI07e9dgPW5JkqxyQJPgJ8="}},"muEwve9yRhFKOX+qbvp43m7FbMD8FBEn/dxHUB7Ob9M=":{"valueMac":{"type":"Buffer","data":"T6Lvp5aQqRlu/7Pg+Imw18s27D4o7C+SSgiZ3DEhdRQ="}},"m8+bTAJoeXvxl5FGqK6qZIeNNIkvSd/z4zmxCCH8yEs=":{"valueMac":{"type":"Buffer","data":"GBN7ehMZd+eVQEASh6KDkjAtbbpmJHjKFfzhcKHzUHo="}},"nA3PMrLDlUtmdzQEBPVyG4BNwOLxfs8R87aKsSUdG1Q=":{"valueMac":{"type":"Buffer","data":"selVg7UuNzjuaW+xzUafgsFWKbo5niVR/EV8ANIahbg="}},"nIf+EtaKX7H9bfor+og42gvBzx4A2JLQDKQCow8FPcc=":{"valueMac":{"type":"Buffer","data":"6rlpaT0COktJATywq14DihvFjBTEeytsiQUfH0QvXv4="}},"nfTj4v6rxls43jTQCLbgdcIUVXqLO8GTDIRjGVXaBG4=":{"valueMac":{"type":"Buffer","data":"X3qBcQconOkOHQwb39OU6lsNcuO6VYVFyCIj9oJZEY0="}},"oaJi7svZPFpzpahAyAVa9XlB//vkW+qyi3uAIfLvEkc=":{"valueMac":{"type":"Buffer","data":"m3LxqpqxjX+wdja2xi58X4FQ8BnFLVpHw6IMHAKyhLY="}},"pAK0sZTumJZYOFmU6iT5ZH3MQ93yxaB1qk8Ak83UWG8=":{"valueMac":{"type":"Buffer","data":"SQrW+fqn5QFAY8ZZSZ6oeoeNk219Uke/0Rtok17t4LU="}},"p+aUF5xciXd3qR5mufT7rz/y3YdIkVzqUqDDMs+yx1U=":{"valueMac":{"type":"Buffer","data":"Lbb661MFDv3YB7Ml2D2mqdL25SpxR0oAissoVIEVhb0="}},"qCasQvqf3fYLLdlakD+NSTIMPllQ1NY0XIpjL8I4veg=":{"valueMac":{"type":"Buffer","data":"BkKfmVedj4xrDT8Z9cwczOOx1oAttzK75fsF/QXPdT0="}},"qTLepDnoCdAIInDeMwjPyGP7sPBFuL2GGeNUb/8WzAE=":{"valueMac":{"type":"Buffer","data":"BrV7n6M5Gwl6zBqetVmsVbqNUplBMfm3wiXeWDaBr8Q="}},"ry128f46C3C+PWEu/1xeUt6Icg2r9bZHOh9TsX5lXwg=":{"valueMac":{"type":"Buffer","data":"DJOHDLdAmM7zMVKDU0iU8+XfEpw1738uhtI2TlGOt1Y="}},"sT7+2UiwqBDY1Sf7DVZB4Bz+I7n4txW2rIZQZYOwoq0=":{"valueMac":{"type":"Buffer","data":"wiJduZaTpPXlDUeqECiIi1t6f8m04Oc82z+YQudVotg="}},"sdvDBI2ygSMspzu+covJ8+1/8Lns754rINqHmdYbMz4=":{"valueMac":{"type":"Buffer","data":"2hnx5yY+XVQBLz1Bi33IkI5XQir7+zakuR/zTnx8pvQ="}},"sfOnoKiHPEL29pzLn7OQB7ho2Bmk+xEsDgSOovxfgA0=":{"valueMac":{"type":"Buffer","data":"g2cj4iV/uL1Ev9ziCYvMDqzGO6hNy2FX8wtwzZlR/uk="}},"sohYVB68/OqjZ3mcL6YK+RlmLmMMKucglyvo5eY7pYg=":{"valueMac":{"type":"Buffer","data":"FEoP0EaT7f5ukpwXR1QseHR4l3R5Ybr/eLgr16US9rw="}},"suU6mFtvmRWAogDZcbRLndNOkybj03yGHdohPECNd5A=":{"valueMac":{"type":"Buffer","data":"63inPU7lgQbrNoekHCRZta52Q5EjaQyf8GD6sLuI1fI="}},"s6d0r3au920DJpm8Wyroj5Gq+O+4EyKlrZwuiqQLY5c=":{"valueMac":{"type":"Buffer","data":"8MeKE3IgP4KJpktMzu99Q3dqJmwdyt9vbafc9tKawcg="}},"s+XRZfGOc1m+9OAP8Lo8fzcwKGObFMBTwuZmHtHMLzk=":{"valueMac":{"type":"Buffer","data":"yU6NZfQ9cS7vtkpKBVPnLKtHmdxL9qEUnq/FLj4bels="}},"tJRwCybdstf9BKdGi8v0Fq8UDpIwszyw6UCFz0IydvU=":{"valueMac":{"type":"Buffer","data":"46zMx5/dETeu08Ns2QZm3WNBpauKchm+xgJ+XrgJLEw="}},"tNpYlD/UhCYs7Y+NTUeZ8Fsa4Ft46Ju8RtHL0TFGrgs=":{"valueMac":{"type":"Buffer","data":"ihRWXPsbJaa2aTuVn0sbUV1Qru7C62lqjaCK3zZLcpg="}},"tT2yB16xKkjOn0JYEDEJfrpatLIxC/8Q77cOfLX2eO8=":{"valueMac":{"type":"Buffer","data":"oQ2Sk0QTSPsudfhJlvuXlX0QKNJeJQthIA0cwYQ7YCg="}},"uAA8Cq/tboPWvT9Ajz7T9q79QViyzRjw3uvUwc5Y8YY=":{"valueMac":{"type":"Buffer","data":"8gjxdA5k8sNXEVRPJoN6nKio25jwhVzmLOEdjtI+yhQ="}},"uE6hUCOfO/130SjIPBThKKAUqEJvIzEY2duLZTE3Sy8=":{"valueMac":{"type":"Buffer","data":"fGgas2qypnJMxkZgKGIevF6jHYoXaIcLN/OxlLPp3TE="}},"udM3Gvp/p20AvLvADJ+rgp5rLIiIhMe3SSSnpBYjne4=":{"valueMac":{"type":"Buffer","data":"OC5Rh6/yOgfYc9NgJ3bBnIePnKo/7lLiU/Ox8gnbROo="}},"uixCCPJzC0SmAWRGqTk3cDhQYW9LajHlEm/llcFIy9U=":{"valueMac":{"type":"Buffer","data":"LJJwPPfyT9ibm04ODbrNEMaWF9Cm4OsQsiGfnKn1F5w="}},"viqlLUOpML2gxQiL7fYcsBIIDA1ZO0tDZ9RD82oHaOM=":{"valueMac":{"type":"Buffer","data":"q5iQocu7b1hy5AwCnzcaOrhLIYGgb/gwHMCJBoUZ3Qc="}},"vl/Sb6yRSWOyS8AtQaC2UsNcCq5Ue8qvV54sjttX+zw=":{"valueMac":{"type":"Buffer","data":"CaZTpCWSLmS/0WX7L8+yQbc8s1ayFN7+8CnLW3kCMN8="}},"wDSUJqwIuvdjp8Qc3b7K8bYc19x6ggM/X7QNLQ/eHyA=":{"valueMac":{"type":"Buffer","data":"s4+WlAMlexVJJSr0Dju7KJVJl0hegV4AKrvQEor9ljU="}},"wPRpvu2pijAJB7pRXBjBGOrsSEHHKGDA3ohgUP2LHu0=":{"valueMac":{"type":"Buffer","data":"5lcXFsGVS7h+/m0lxwdkYJYoa8oPwKJDv2PiV1UnIv0="}},"wVCZEhRyr37df99CR3D3iBZvnOIUPXFmj7LIdomORdA=":{"valueMac":{"type":"Buffer","data":"/k3L+Q5FlokiVV7VJnFh/+Y2pUzOE1/Fd5d+bjGGBFk="}},"wYjjjVigMB5kLTbGIlc0IBXctT4/HazCSK98DBkxFxc=":{"valueMac":{"type":"Buffer","data":"Zw/xVT0lONfBsHoxAg6ezehH077nvxQ6PyfC4ZPLrSk="}},"wz4G8eo1BF8rnywW3RtljGid/kdcHsXB/5+AyYFnPxM=":{"valueMac":{"type":"Buffer","data":"A/xkMW7A+0VUi4O9aRIemIevcQjL0y+HtWi9DBOJzrA="}},"xFTrsrACad41d2nQ8MbCjC+y+uRtV4b4CiX8kOT9Hao=":{"valueMac":{"type":"Buffer","data":"U1crgGub4NwfOcEFcnl03znu9y2UhytAs0gQpTboaqY="}},"xHb6fKWfWFVrRnjxOd6olpEWefS3+CYRjJNtCN+/s0g=":{"valueMac":{"type":"Buffer","data":"7V9aECNxy6m6Y81R+wd+7yFVo2EvwoYvKsawO5ZVN70="}},"xTKwjwClGJcptZMK96+geXRYlC/zSR91DMFfXEMZAFo=":{"valueMac":{"type":"Buffer","data":"JPaaArYMdfRp41UU9DgEUf+eoMder09nM2cF8N3evs4="}},"xlwnpRTh/+JmqDreFqQm5vpkwA87K78ZuepSTIau8Lk=":{"valueMac":{"type":"Buffer","data":"3QzDKZ0IpyLXMlE8Y+wk4kRHj5cKw+OHnC4i06EjMSM="}},"xpULTCxDHDupSXIImOMeek+a8x279f5ti9yuoACBagA=":{"valueMac":{"type":"Buffer","data":"JrUJ8Wcp9xsheTslqxgOr1KJCKFi6WrC62m6lQz8MbQ="}},"xqhFkeu3w+OGEMdXjxayaKhKC47Nh/mKSk9IET442Fs=":{"valueMac":{"type":"Buffer","data":"Nd1oJ/ayh3XfhcDMyYFw+zCklIIFBAEWg4JU1+h2w80="}},"x40hinrM6yhJtGpoRw7MQpyw4fXh8kQdcmRczJzDlaI=":{"valueMac":{"type":"Buffer","data":"Tc9BzQo2TPWYjLPtI0t3vdkIwu3ckrOp9wdlMbGbOLk="}},"yA3aTPAbGY0VtpiiuDKfiKP8EbKhUzu77OqXbB2bK3Y=":{"valueMac":{"type":"Buffer","data":"r4KymVRvxUS2FcSzdfVRWd3WMwkjzj2nybe1O8vHH2M="}},"yeZYQZoPuUdA/oKdCZh0ZswYnPMZBp5bAnM6kkny/r4=":{"valueMac":{"type":"Buffer","data":"yLyFTrBfDP6d35Dq0GgddKW8ACV/jyw4IOdIfF9G5ek="}},"yhF7jm/7dshaOapzthDUY+a8DHKy30pWj20GY4yzsqY=":{"valueMac":{"type":"Buffer","data":"eble7P4KjW3TjvfNT1sG9hLu3rCpoDekqguohfnJ2HU="}},"y9WOVI0S6PNgw4+vo64Uxx4O+/V0ltUMlL518vy+9XQ=":{"valueMac":{"type":"Buffer","data":"pW1YQFrmrsuZYArP59UUwkK+sYMoIve+Dh4UeUiEtmI="}},"ztGDqOdO3I0TUmRRkaIttK+TqWu1e3NaEj2omDU0HL0=":{"valueMac":{"type":"Buffer","data":"U8S8eGhhXTTrbwwQoHNvmRWLbi28DOcI2q7Xf1rfvYA="}},"zztDeMeqo2/+l4TiYC9UeDfUK5gXlt/dDHwq5Ye/Dzw=":{"valueMac":{"type":"Buffer","data":"8TW/oCi6ZdYZ1qEM4yOloxHWS/bVSe+zYzdWfz4Pl+4="}},"0J9ZfcNPfIeGiA/QhJf9lx2jyaKYZnLNKLGJl7EHczc=":{"valueMac":{"type":"Buffer","data":"lASpfD7zLR+jVfYS1lF3/1sRdI9dMP6+cZUQwfIVUtQ="}},"0m03x0Urg3Rwc+NP0mB3Y1HuouNdiHIMJ8zpmiz+3lA=":{"valueMac":{"type":"Buffer","data":"30ZRa/hh3QmKgBM9l2q1DFVEty+kC1aFkT88UrqlsFw="}},"0zKhqIloTcoQm48qNpfL+aEmnQ2t9bOohj8ZnOxFkPc=":{"valueMac":{"type":"Buffer","data":"EtNLnuSuCRAZwyc9syqzhekJESIwLQurgzMV2bxkA4M="}},"00Mk3Fs+4TE5NW2rurj+nEigmP/NAc48ym5qpY7EL8w=":{"valueMac":{"type":"Buffer","data":"YiQigYGmhuHnceVT2mUBZCsgUKChbI+SWq/hitBzCcs="}},"072AtPMxchLHLDV2tUnbTtJYSBMkltdfGiAz5B8jmK4=":{"valueMac":{"type":"Buffer","data":"oUn8vDrPT/k33DuAvkD0m+JheHAa8K1Akd6oMF6fQO8="}},"0+fKsoVMcFvad4EuWjEIEDDthoNlbPR0WTn64cEK6wg=":{"valueMac":{"type":"Buffer","data":"iguMpQFEw3jNfvIQb9ccOayBJrPPCmeNWE0tQbdhvyI="}},"1RzC6o0RTMTAuU03yoVMX+lofVIbbhFgFdwpE+W9i4c=":{"valueMac":{"type":"Buffer","data":"EbKcSIBJXNfw0d2waeeVWJsEHpL90D/EhvgkfLbXP3M="}},"15AGEs8KzMCDzS7JxIXvaEAWjqPnpDKbos7JPFaX410=":{"valueMac":{"type":"Buffer","data":"ZS4hZLZ6YrVdnpfOIelmWUU9GTe/mvGqTS5YsctJPgQ="}},"2RGSJI4lQ1IAHomGQRGcLT9q3PcLNYBoIhmj26DjiRA=":{"valueMac":{"type":"Buffer","data":"L1L1gqY3iT1ygN6yh5vLVVgKKwql6xC2rzrZHE5miI4="}},"2eJL+jI2DBskttcXWgp+1FbbQ/T7WVBrJiKtzhCugXc=":{"valueMac":{"type":"Buffer","data":"mXg0ocRubpp5INEMn4mmRivKLfmj0hvDOFF9HJnrFIk="}},"3eOys29RJYf5FkmPMFvZLgcOTEWIgBaPuJ6UleULVFE=":{"valueMac":{"type":"Buffer","data":"Vh4B7Q0IF5S1iLd0hZKXZB9RGoJ5CkUEe4O+anLLtqU="}},"3tZcJ2unDMjqTIxUo3R0/zP7ZbOS0o3LvMdT2z3x+f8=":{"valueMac":{"type":"Buffer","data":"xPtcFu5moUhcMqMPx8El+YqF1RFox6qiuHmO+dKRkbE="}},"4pVUjHtm4YLECbndVMSGUP39sGa8n0QKzFk5sgxAVZg=":{"valueMac":{"type":"Buffer","data":"XNOlDQDcya8yU917fK9jrttLw2901X9KGtu0ENMscoo="}},"45bUJAdizlHtOr6DVJGjfMeBsFGEKDokfBEFNVdmZLs=":{"valueMac":{"type":"Buffer","data":"1xcthVGRwUlNsnN0hR1pMXvlO8FnkHez1GC/AicE8Qw="}},"49xDR0i7R8M9SOGz6mRumJB3psyX8EYoDkP79vb3AAg=":{"valueMac":{"type":"Buffer","data":"DklVnugSmwA5KxQ2hxqdworcX6bPojqUsFrtdyHS85M="}},"5JTeVv/GuWDvm1rvEhq2ZFptx0VLH1fC08mTeigNbbQ=":{"valueMac":{"type":"Buffer","data":"Pzl/M2h8cwrZLG4mPaNpI6g/FJ+QaPgQvC+O3Sh/w9M="}},"5P2vBYAHjY27T8SwHX/Zbp4L0TyAyK4CqjXaC66YdEc=":{"valueMac":{"type":"Buffer","data":"Zx6008OCSenk5lT4fpatat3Qxc/rrdIDMnmxquFU348="}},"5S07qo8V7cyMpMYv4ETmeVgVKIsSmYi9KrMgIOH70yc=":{"valueMac":{"type":"Buffer","data":"PXGLfaGr2fGKCGolutjhbk4N0FckTct7iyLn2kR/+nQ="}},"5bhId5LL8hV6qUI5HKXrc60IEsugEeNymEBDnDAaJVA=":{"valueMac":{"type":"Buffer","data":"nOoW0N3SKpIHJq89VwwE4qa6AjcoQGlamIlPEefBz60="}},"5nqAwU0d6jbBOGzuSZerqUPYumXPtqt7FIm5XoYZtEA=":{"valueMac":{"type":"Buffer","data":"rsro1ChImEhqzIHtr4SloDk8imipbILp+u1Slvok5rg="}},"6IaFl6ZgYttfzMrTaeGEomEw/nSgcL/7SNbn1R1YAMo=":{"valueMac":{"type":"Buffer","data":"sc//5wfpuojxCchwnOlz5PD4m31JDq+7vsieRMHC5Tw="}},"6a9npACI/PMr8mXGVc9/NEqKyZ3EQ3qD8GCVyGnJdos=":{"valueMac":{"type":"Buffer","data":"LC2vahfGdHJaaNKkXW6E0IRBRTpYd1O8fetL40lL19g="}},"6cDKV0RkQUUmRSic6cF6QztbRKIb08FkRpKyTW3i/2Y=":{"valueMac":{"type":"Buffer","data":"ATw7MF+pPnv9VPj6wKVMY+I5Gbspczq/IFq9a/c9JVM="}},"6tA7aIdTZCCpFGvkgFCIlRcAXwPbE1Jlru/dKQasuig=":{"valueMac":{"type":"Buffer","data":"ru/7n0dkz7SX6DNzTufazJxSZgtw2ckSNJsfPNWi0bA="}},"7BkykjKyLWclzVyiC3rKEvoARLliu2vxn96DTQkP0Lg=":{"valueMac":{"type":"Buffer","data":"PIQMwnorEkq2qvj5HtElnm5WO0SSZmqRBjo3VkW/5TE="}},"7CCJ2dMDiQpi63YDilBi0ngEIARKHC0nTO/fuAdesyc=":{"valueMac":{"type":"Buffer","data":"KH346eSv5eI8y8YFvxlU3/YymX1VqEQOCFOOSRpyv4I="}},"7vYSS/viNg0WaCPLmvXnA+kzXz0JCL9fl1nZtIyNFJU=":{"valueMac":{"type":"Buffer","data":"JEjp0jiajr5DpxE9YbsB2ntViHVvKHNGtjwU9tT44NE="}},"9DIU1VuATpUNcosY3e024xsgUb1BT3of6HTRyMAiXBw=":{"valueMac":{"type":"Buffer","data":"y5NjrV92t8DFrNeffVu8SZgOUHOpOgAEwbhXxm7by5o="}},"9IfzK2C3C7mXpx4iK+0nP47rMDgbE5HcBrUYrj8+6yE=":{"valueMac":{"type":"Buffer","data":"6m7mXDTCqn8P2Nu10Pp7nRUZKXYg4c2/T12RfpQLllA="}},"9q/yDVqpy3QXxP7cNTnJ+uQjdVRSfyJ4Wbp3FD0HNr4=":{"valueMac":{"type":"Buffer","data":"raNeD22IuXOGOq0yr7d5LVOufsAgD0/7pq1vdI9CT+8="}},"9s5x6jJiin1iPh0XiLFhsxDiJoIkdKRP1GXNv3CxopQ=":{"valueMac":{"type":"Buffer","data":"v3H0CcuXTMA+UxmiSFofx0IJw+IjCU1No59M5O6G+rA="}},"97QinsYk8V1AeK4Vnx1eA9itNdx45optvRSSMRtC0Fk=":{"valueMac":{"type":"Buffer","data":"+HfprRnIyrZGRURrsK9/Az5GmMeMp9Gn8KGrtKraJuY="}},"+je9fNls/BOT0lCIhlS9fHS/tP5rNUs2B8eO4tA1npY=":{"valueMac":{"type":"Buffer","data":"4z7rau2PsUFB7AwOcRgH50pIYW2SBA8qv5C29j2S7eA="}},"+0QNzf9DwcRiTav2EVLiDMikSw9xWCtJRji8dzDZy2o=":{"valueMac":{"type":"Buffer","data":"UmDfyKsnn8CUSb1pz1R/6cbJOuobcuZ68i3bDm7erPs="}},"+5zO/rbOoStyd0JXNWS9w4iVNzmwbgtar0rUai55QhU=":{"valueMac":{"type":"Buffer","data":"TKPIoAzFZ/7fc7CdrwkBhXJoEWDzqK733FRJ/dIYFNw="}},"/KsaYvmivxjU5hj5bNc+wgXUZDJ/HpZ1LjRZXgOGsLU=":{"valueMac":{"type":"Buffer","data":"shkdbuesyUFJN/JqkHAGLNjJ6NdELEar/Ejx+kLpw6Y="}},"/NfXwmrUGdefRbiHg1oSFZzVv0yXbx/Ic+mG11qV5fs=":{"valueMac":{"type":"Buffer","data":"IdSglsv17DEjK7wa4/fXKv0Rp2WPYDDwqnr0nK4cGGM="}},"/YNv9EYP6RZxckMH6ZyGFWLDP58IljT5Rp0ViGMEJAY=":{"valueMac":{"type":"Buffer","data":"RrzKb+SrCbAAXb490XamS3QedpG+1HHAGDhetw2p/xA="}},"/dZ6bPhEcUJkxUeI81e2DJIIneC73An/kw7RagIYlG0=":{"valueMac":{"type":"Buffer","data":"EqF6tBXiH2/12I6WSwvBwVvUkhOPByfM+/8oGXXe0bA="}},"/fUcxSCRB5s5VGNf7ZqlzKTnpLAcM5eeGuujcuMwavI=":{"valueMac":{"type":"Buffer","data":"2czqv/Gi62qgtfjEYo6bFaXRGQffnshnf7a4tuE3/zU="}},"/v5y4YqZEZ35TggbS0VY5UL/jPf/BdM8Z5fxkOQopbI=":{"valueMac":{"type":"Buffer","data":"Xl27NklITIK5CUb3AMeTgqye5R6Y+KOQS2D0mq5oYDQ="}},"6+IVzaiGBYaYh3UWzUJXCzoC0hscTlrfHgwsmDlIgcI=":{"valueMac":{"type":"Buffer","data":"OoBvUJVcPqP4tchDSMTjdwkC6wO3Vd6ExpAfdFW5/fU="}},"FkK3KVKf3dtWa/FE2E303qICUycf3vpVJp52nVb+Ows=":{"valueMac":{"type":"Buffer","data":"B2iM6B6anbXo8cRShvrgOCr3QWAk22WmYIG0eGNPrZo="}},"a9cIak9ITmxtpskJ+oUxZwBRZS1NC+nlWBEVTjWzzF8=":{"valueMac":{"type":"Buffer","data":"mhE9xexTTYSVYwyS1+mvkZ0c/eMIxU9Lj0gv2D636FY="}},"3HLq6VCnh5azch4AMXptIsAjERbC5fikKAgdaEu0OeI=":{"valueMac":{"type":"Buffer","data":"sARg8y8pvlWc83T37poZT8BNn0IDgo0zPWdcFsjcrXs="}},"qYvVnnQZ8Hk8KZKcsfi5yETA0hrxTkfuPqeV2gqSpH4=":{"valueMac":{"type":"Buffer","data":"sEO9nZqARDZZ2kBRceufD5Qc+SjTMp03/V/1PrIjALg="}},"BAabqrY9tOBKKj7Tg3fiWN2zvx7wo66YdUabikdj7PQ=":{"valueMac":{"type":"Buffer","data":"pQsyCAK5ZGigJZGPVRP6NS7E++6YG62gvFp7cn8rqhE="}},"W7XOZsvFtw/Ey5v3PT8Tfu9hyz7QfWJTkVEVbladS4Y=":{"valueMac":{"type":"Buffer","data":"e6zq47baMboCEzQnCXqYkm3r0KdMMlmO4i8dLCMsl/s="}},"Cd64+PJcJdYoqrMMx8Lk3UuG8Z6yGKV5nuRM+bniVdk=":{"valueMac":{"type":"Buffer","data":"M9BxQy76qE/lcNm6Mm7msKO7SNdt0eDjFTJrgj9GTHY="}},"ZGmo/YBGbnvtdYYOyJex11hKLOQAGb4pYVoChP/YT98=":{"valueMac":{"type":"Buffer","data":"FH3+hx3VeCcBY3sb4ZLP1PzEDfbAjTYJN8oZaawZ3vY="}},"0ZMEPDtJzGmJJ3iaZCUO3c3Pydi+s1vkzrQ6reCgVbM=":{"valueMac":{"type":"Buffer","data":"FmMet/bKc6yU72WPigyfZK42+RKGHx3v+fLSEywgUNQ="}},"C2qVcqlj9LcevreD+KsmgDZF8by/rJUzpfjbkyS+csw=":{"valueMac":{"type":"Buffer","data":"xPE11Ki5J4drPV43F3m8uEs8clWrN+JHPO89b30D26w="}},"++buiy+mLpSiiliJUQQt+6NH3XaP8L1D/FTx5SSL3VQ=":{"valueMac":{"type":"Buffer","data":"Mrq+haWRU8+oDGzNNSbYAMcLpyOBwLyRDZWonNi7Df0="}},"ZIZ5Zixx2ba1q2nLIR/Mg6O/QWnWlMhcE+HAQJ87bUU=":{"valueMac":{"type":"Buffer","data":"AC+3fXCK4GQh0uF3euW1nIeIxIr5jzczc236YfxgmmY="}}}}