{"version":8,"hash":{"type":"Buffer","data":"BaEJ0h7KTSA8hqiEPCmxQmr9GK2G1j7vfajDPWWvSf1xs9kD3981Lv338tXYzeDwA4YVyRnrGMQuiJsMkITDadgOqlXCu9DEPihWUjHiGDM7TWv7K3J8z/eiVkJVU0Xn5lJV+cvNzPU7O7IbSgi5Y4DFZ4LbZC/K1+Je9wnUNaI="},"indexValueMap":{"An7Vkwo2daQXYwHoPcy/77DEKldfrtPOkWgDxm3GnfI=":{"valueMac":{"type":"Buffer","data":"ibQ6JIDy+i44YiTZ07IO8PLid8Q7yozeIndaTJLZPw4="}},"DcIMPNcxLS2Q702fLz7355CXm2/+T0o43Q5S+Fqtlus=":{"valueMac":{"type":"Buffer","data":"EFp567QF6cbFptGLdZVIvxwQYmNeaYCvoxgT2DT/NNs="}},"E3AL8ect2aBphVDAh4Fti015cn1LJ81cKDlXiXxzBqg=":{"valueMac":{"type":"Buffer","data":"WGXXBN4qsOIG5xUrABDr2Mr4C8ckNBus4hH8x7b9uq0="}},"FEX5h3t7cpk89W73Xo34bMPYyfheYXvEEZFccyGLGFM=":{"valueMac":{"type":"Buffer","data":"j50gGoEtXoISuwkzRNEe71E116Nyk5VyTDST+AaJSIk="}},"JpG4g9eQLp2ewnkhj0zaL3nYjPs+Mzp0kkEHgFrullc=":{"valueMac":{"type":"Buffer","data":"QF8LZfkmLTZaLnJLpTuPZLMGtsF2DO1/eEyQWTH72Pc="}},"J3D4nLbkOnk+z8nzWvvP7g0j3dBdqTY7UkwulEXMzdY=":{"valueMac":{"type":"Buffer","data":"mecu5nOAka2ee7KDsIagt/b2EB3vv7zmxR+JsRoe6qc="}},"Ka+4ZNvh4pGi9uBPfvEHJHtc0VMgDyaZyvdhqQlScY4=":{"valueMac":{"type":"Buffer","data":"ccgyZK1c1g5Egk/S8AcOAJtZ3ShmTG9+fuHCa3v6Unk="}},"L3aN98flCSauSxX2nISgYW92oPoayfZ1kwo+TAufO90=":{"valueMac":{"type":"Buffer","data":"k7JROX8UAc/7vGTqvqNCNlXsyQOJ5uPIlvpfimZdvqo="}},"L9yBpImmpFiGv2O+3LgSUNxo/g64/Atd5vam+lq7eZA=":{"valueMac":{"type":"Buffer","data":"QSN9Ymlvg8TS5IpccNZ2JxXGv65S2Bly7qb8OHY2Nyo="}},"NRMdON/n8+MR58y8wnQKS2miyMVPEHBJ7vpriV3nkcM=":{"valueMac":{"type":"Buffer","data":"CrKn0XTP2iy3Q2msntlCm2CeYmcPcJ839odyTklmdi4="}},"WJGcaUg4yyKVoXo2GKhtD0bx8aha110ervG5ZhUjMEE=":{"valueMac":{"type":"Buffer","data":"C/bYxAc6EpNBY7BdW2R0y7VhZB5ABTuA1vWGMOGMopQ="}},"cLXKDfJnic3eEIdZAq1uZbr5yWytOiSPlHEk4hqoy+w=":{"valueMac":{"type":"Buffer","data":"t4O42qc37CKRg0G1qQ2kJgkNZ4otZq3MKfT9KteHxLs="}},"qNtrdE4S+kW4wjyS850VrgKEhgfVe4LpwnWMMFUROx0=":{"valueMac":{"type":"Buffer","data":"FAD4wshIDzHPv9B2YuPXQq3jNynuqVBEZYV79U3iIsE="}},"tq4++98ByNJGIMANBgcYvP0znwPwIZQTr0AVIGNEYNI=":{"valueMac":{"type":"Buffer","data":"17ua84lgPeEl+GwQekmaHuBtYsZbyQGkt7Fp7p6JEG4="}},"vEOwMAszCOxZw2Nh01wAhjY4nc6D5VMVPI4mftp4Wo8=":{"valueMac":{"type":"Buffer","data":"opzKxk5Zh9t9KGT2dRhj3AySR/tAeB7UHqraycD55GE="}},"vdYd2le3LfVirXenGz6R2qW1kNlnv1b0GD+Bq0m7hew=":{"valueMac":{"type":"Buffer","data":"NSeRoAlTmWWBoeRL/cwYjXNSvZuNbQ8HGaySZ/aB4uM="}},"w+zq3qtJo48tipTIwQQKgeM2n3q9lM/zV/PX2+NoQwQ=":{"valueMac":{"type":"Buffer","data":"JKX+62xOPPjGJ3eJQlLZ+3cdWUo7E2jxWp+iToZdZso="}},"1YMMJRBg8Ok+tV/rzZlijIvxIV3ANA8mMAUONIxCxA4=":{"valueMac":{"type":"Buffer","data":"s9FFgb5YgaQ3aWHvWHicm+bFu3i8LFxPFxII402Ska8="}},"8pnRLB45RXxoWJ1WG5ynmqTD4d1hpSpQQ2zJUSG63Zs=":{"valueMac":{"type":"Buffer","data":"ZK81FHufGU2PLQ6J+Fzg8atyPS2Sc0Tm84aNELQbsMw="}},"9CohM0Pxd6zfZusk1PyfonCDQuTua74Gn8gE3jDsl3A=":{"valueMac":{"type":"Buffer","data":"c/5Odu/gFYdLLJsC8IURRTkGAPcqsvTlGiQ5LoACQw8="}},"y42ifC8QoX4ha9IgY6N6tChxll9ZNjnLNvKqGTGkunA=":{"valueMac":{"type":"Buffer","data":"+kwVUQIL2ylZga9AaQ751Tugi1DXx+0irE7hI5Ybl8I="}},"HTHjYz2zf8rrQJ1tkpcKCJExpXQtLI35lIn9pug6uIE=":{"valueMac":{"type":"Buffer","data":"p0HOu8/3RbYQ6wVhm7kjqo2v/ldwP8eiTBlOLll19ic="}}}}