{"version":7,"hash":{"type":"Buffer","data":"3ZJJ3lfTXlqIPGrRdEmVNCd4lpyO30ydRYJbliu8vkgzi/c+F9qQjv+MEvYDkJcovWLB4BT7bt792lbtiok8z2MLOP/XG1PlEGhAr6BVc3BvAVuWf5HkeHbs2wT+PSfU2Tn8aq1wkHDIPsnwojkLD3OeGcUJg+HDxngL6H/OWoo="},"indexValueMap":{"A1wtWETZyQ4DCv9lNBWYuTXzpwIlZ6A1JnhYpQvgbfA=":{"valueMac":{"type":"Buffer","data":"o8grjf+eI7iTMfh9so5vRLDvaKZyC8sDo4orJJF90lU="}},"FEwFwC8w3rIrVRxvZIsGbiHOh6IhqYyPnkzgbeBnlUw=":{"valueMac":{"type":"Buffer","data":"8ar/WQGy8G3xWi093XswbwrQZy3ybic8H6YXFskpbeE="}},"GgemGC6DWU9ZYWkhWND3Wn2ujQX8jy4g111/4k+Gvp8=":{"valueMac":{"type":"Buffer","data":"BItzN+PpsPj70mQz97WT9AwNAlhpSfFBv/bUIN+IN2o="}},"J8/uuanaDdpvkWqGu5SMxDg2enb0HjWTC088QRytpJ8=":{"valueMac":{"type":"Buffer","data":"2Enhy6VTto2YEu9M1qMRkt47ubJlB9+PIr+Vc29kCVs="}},"Sd5klYd6bUvUeKVluIyTrGFbqTLVRhRy/D5mbLhxydk=":{"valueMac":{"type":"Buffer","data":"v8N/P1DBu6VPEhKxZbGkhbVqGGJJBLl33X94rZRozjc="}},"UJhC7GyxzpHYNkqDgAdCwiXGz4hZu6s5wb+GHsonJ+Y=":{"valueMac":{"type":"Buffer","data":"WmExFKJQy+1w/BQL0fNT6wZ3zChFXPWRPuJBSfRF75k="}},"aINnS5uPpsI9yr1S57BkFoe7pegNv4ZIzouNt53WZFw=":{"valueMac":{"type":"Buffer","data":"4cZhba4Dn4dp5LP8vm5woKl4UPiAxLBZFKs8HLbj3GI="}},"bEHuKvrlJIY1mz3DfDVMQO4GHJTYpXjnWst5ZFiXxrc=":{"valueMac":{"type":"Buffer","data":"8QdIdUzPqWu866ftxsl9RYBjAEegWm6JN6O+uPa4Xrw="}},"c1oUrB1l7hohn4cW8Hbd+KgXgXMsAKDn5i1Ai1+hKjo=":{"valueMac":{"type":"Buffer","data":"boyyGHInJdWu6aQSlt1l7IUICbyR+RG9LIQ1tv0LOEM="}},"fCVCA0luaIiqfbbcrVHfL83TPa2LSxI6pCtN3MDZtAU=":{"valueMac":{"type":"Buffer","data":"6GP26B7ImgaHZEaihiu0AXKdcrmWQ3hT5gDzbOp3cuE="}},"fdf+j10SplYsWQPrTd602xFt+ajFm7ZiBakdzIOeqvA=":{"valueMac":{"type":"Buffer","data":"U4mkqTjh6VJUW5ZWkpEUlT6mV6kFS8RV6qOHnM5s0Zg="}},"kPjZkdX3bbxHM9Ci5qNiIg1i2DnLg8ErnZwOsAoX4gw=":{"valueMac":{"type":"Buffer","data":"nfEVoP61SvwaH46seB1Ito50FztCiUKED++F4cjiO8k="}},"qWO04oAR6BorYbAVQynVdL5dU2g3Z95OThVt4hCb3H0=":{"valueMac":{"type":"Buffer","data":"+IUHl6JKoVM7AsZabelUQQVWrT23Ojke9U5e2u39jbc="}},"q5D8J5nXrK2nOaHB+uEa+zDCGyDm0Y/kWYofhjk1G2Y=":{"valueMac":{"type":"Buffer","data":"Cq15AJ78LErzFWxvXFE9BgR71d/Mazvjrajl5BkI2Cw="}},"ym0Gxvm4kQ5BHgkBZKbVND17jkDeHhf4LaPAhqyZKw4=":{"valueMac":{"type":"Buffer","data":"aTbYP0s1sa2ckvlYYVUsry+/ASrb4PB8rwjvfqAIVsY="}},"1ldyr2hRvorwhPj/6FelPzKWd9IOIeIs5M6HS0Gjmyc=":{"valueMac":{"type":"Buffer","data":"n0ta7Zzpmb+ovvcf5Ewl55/ll0cB084M5vU91ZQjkYo="}},"3At0Fg71bj5m3JNUluJa+0ZmwI4+m718jlQXafQ675A=":{"valueMac":{"type":"Buffer","data":"eOUxtHhmZ5eMvUKHNpzoEU6nwmfoZ8sI6j6c0St2g+I="}},"43m923eB55ziDEWShH6Wyc/oBYGzDhsCrBVDBGo2NRg=":{"valueMac":{"type":"Buffer","data":"NdNkIVj8KUjJ7Lk6zAPn9SxNlxeTy+9Dj+pzy6fRtK0="}},"5qBWFlyFC7jiCL1xsoV1CwMApK/axJpvIn64Rs0u+Io=":{"valueMac":{"type":"Buffer","data":"FbULejTd4JuLic9D4roMb2O4xidHbD6C0Uem+6hH5HA="}},"81/XI/zng/be+F9PPGZRzpMtDeGTfNzV4H4f5+qV6aY=":{"valueMac":{"type":"Buffer","data":"aNVH4uz1A/PGN03u96asRM8iVpfMz26torH0BRcaits="}},"9sYxoix/3oO+MBaRe62j1H9ReheGO/AN65As8QqMFlk=":{"valueMac":{"type":"Buffer","data":"OBIUiujUUu1OYgf0UFAtqdGmRJgsPPNXEfNgMo5s9O0="}},"c6umitmOgEWlmvBgOwhl+/z+2C25050C12MaZU4MgXc=":{"valueMac":{"type":"Buffer","data":"FSHbkustVwzQbxSabiMmWnyMjkxeEtXFC9zgVtegUJw="}},"njqkT89p6BZCBgSsbSj28Ax5/J/OsrPa8UObhoniHYA=":{"valueMac":{"type":"Buffer","data":"NUSrzFR2WWdVPFGsS1ZDe91VOBlqk/jkxTjnr9SxBZY="}}}}