{"version":24,"hash":{"type":"Buffer","data":"qFFxcr9x26OSIm1mL2uEDyv6AB/g7ji4TqN09549f3ivaCSbL+4lOgEhdz9n2ZqydxO2CBp0Vf8DtohwAKfZKJ60Jkuu8kbNd+1MItwfXcl7ulSTkihRBi12mP9JK0IUg6NiwvC7TbxZdbQ05e97RHQxhY4/7y7ss0FlBwHnsRg="},"indexValueMap":{"EJ3+ytahuis9f1KsOYBZrhIzmb7rOWSHU6ukxiHFPz0=":{"valueMac":{"type":"Buffer","data":"myNFg1w84M659PGJ2v12HMG4giH5eNimX1mz5pP0KS8="}},"QqwxQNVQSijULZxKVDqUsVweTf8R2L0RRe7Z3PNnQJU=":{"valueMac":{"type":"Buffer","data":"aAxPKEMakCQTrugCjf9A09JNIzkJ3iMJMNLO4Kg/axs="}},"ZrDgvyNQrhpE2Y03hFGVy+8FQsCmJ/y/UWC4qUqeglA=":{"valueMac":{"type":"Buffer","data":"R8H4d4bJkxFSchX0+T5SWY7mky3c1UWLdZ57woNIgcI="}},"dJZCNjdeE3C7DNoqHV7Anzo1PP3B9/yotVI65XQaULM=":{"valueMac":{"type":"Buffer","data":"q92qHHFO1HghQL8uyQ2wKu53owdntEO2m3w51pxF1DA="}},"d714gOjmqwl0pDZpHICC41k0E8rcxaQ6F1rjf9IySjk=":{"valueMac":{"type":"Buffer","data":"UXQ+nEEJi8Fa3IU4Lovh21ofnDrTUit1xskX///VDfE="}},"hQs5bRcqy39LsAAF0k2nP88Ca1CNHMyQQ1wzHGeKNqc=":{"valueMac":{"type":"Buffer","data":"c2qivJUBIZ1MXjS2TC+nWy8ahCO1EGQsbXdYurThDMc="}},"lAJo+qahj+XolrncKLjkJtZ/OwP/G9F2sIArG5/TiCw=":{"valueMac":{"type":"Buffer","data":"+2zqS4by1GxfQ26/grJO+ecbmrtozvNKgm30GbBkPdY="}},"meiGPmlDMhk09pBz98VmIwZquSSxy1m2QO3eIi46tXI=":{"valueMac":{"type":"Buffer","data":"vnQDMSjOrVTOTgadNoc8BWQeBiXYautAA1ocF9NxUHk="}},"7y81Ou94lGZbBD1kCTgPtqG/ipe+ApdZtYjJdCPKC+8=":{"valueMac":{"type":"Buffer","data":"rrwOvfsLM9SNNOrZq6AmjpJbzIFr7zCCIyOpZ0Q0Kvc="}},"/5jrh1O77CM5CUl3OVYrys9haRKGby+Z5EQ/iq/FPjI=":{"valueMac":{"type":"Buffer","data":"geT9wRNHlreI/UNAGTD/KM3R53Xt6DlQGw7soAhWdXE="}},"kuiXHwKXIukiFrMOkAtlUuq3o1Gqzs6SOXmP5slXJ/M=":{"valueMac":{"type":"Buffer","data":"URXINwTHQz3G+d1RwVGXBbWtpJFWWjKgNTGm5pg7VdM="}},"w1C1T+HE0EupBLaf8+1iDgNnXvYX1I6lZOnC8U0r5NI=":{"valueMac":{"type":"Buffer","data":"7Fn/bjxCxFpBQ9QApDlv9rqCYILVyUrGI6XN3nZpaHo="}},"6jq9BBoJv7W7MixC5fgnC27MuNe3ro3nafQAIMBEjzQ=":{"valueMac":{"type":"Buffer","data":"+scIdTEoeDMHnr3eKLqjfQann4taidfHi9q2TaQpM9k="}},"jRYaokCsnl8PUkOMfCMn9GxLHMhdotvrhG4TjZgncC8=":{"valueMac":{"type":"Buffer","data":"H4VO1Z2C5PcZ/tVv9K7U+X/7acfrVs+B7LLrlry5Oow="}},"1tQzlgj5OsXu7Ax8rdDt8rjjwAEezwmvsX2eW0O4Sjg=":{"valueMac":{"type":"Buffer","data":"8D7BM9Oh8BBUFIMXMNEg3AtFaOuxYhr6xAHe4fJqJSU="}},"YbOTGWs8SR2PsY/Io/HjpBfsdyr2xDquuceeinFINrI=":{"valueMac":{"type":"Buffer","data":"5QVmHMBgCnmxaPd/AjiJzv0KSbPgAaLzENHWTS5FY7I="}},"9lha1R6nj41qyv74LkitevePbTiBH/lZaHfSHTk+0gs=":{"valueMac":{"type":"Buffer","data":"k7lej4iodYmrPdZI8uVrrSJAecBFqvALzDkZbqFejRo="}}}}