{"noiseKey":{"private":{"type":"Buffer","data":"6CL9OvlyKeO+hOO9WZZWNEQSErGj/l39w/DWg31ikWI="},"public":{"type":"Buffer","data":"ZP65P2ta+HAloojPyb172CS+cQPsbQGoIKvz7BSa9AQ="}},"signedIdentityKey":{"private":{"type":"Buffer","data":"+GrqyWyWsEi/iMoaKNcl8MZeKsD9btfShwUGIOJTZVs="},"public":{"type":"Buffer","data":"TS0f01HEHqQhVqNG6Fukx95rUIggwAXGrgmwvpsa+iI="}},"signedPreKey":{"keyPair":{"private":{"type":"Buffer","data":"eEhqRh/o9W6Agzb9tpaTwvkx2cvEgTcd0Bnu2XuFr28="},"public":{"type":"Buffer","data":"C6crNcu0geKw9Ju72quytDzvITgCBrAo7nXGlpBCw1o="}},"signature":{"type":"Buffer","data":"gm4vtG68XBMASCHhk8HVGsXV/zHD4GRUzcP//R93DfRJi4pgG2lactaqfdAQRPp3kMy3r6/za3YUh5jY0zY5jQ=="},"keyId":1},"registrationId":32,"advSecretKey":"9MCLmumiFmtpvnCdiSu4U7iemIFCobQ/S6BGHGmcV5U=","processedHistoryMessages":[{"key":{"remoteJid":"6289687140264@s.whatsapp.net","fromMe":true,"id":"55184CDFF147CF06284FFF42CCE33DF4"},"messageTimestamp":1687873036},{"key":{"remoteJid":"6289687140264@s.whatsapp.net","fromMe":true,"id":"9083EA2367E1815E698BE7829B62A778"},"messageTimestamp":1687873037},{"key":{"remoteJid":"6289687140264@s.whatsapp.net","fromMe":true,"id":"D7A1AE683A62E698B72B967B6704C18A"},"messageTimestamp":1687873053}],"nextPreKeyId":31,"firstUnuploadedPreKeyId":31,"accountSyncCounter":1,"accountSettings":{"unarchiveChats":false},"account":{"details":"CNGd74sDEIXM66QGGAg=","accountSignatureKey":"YSKzuiNiM0KLsoT3qF6XTQk3x7vVi2aJe5V7F3t0zkk=","accountSignature":"1lF+IA8afVpxOjXMohs3v4bkQxshxUV2x0VREwSFznyBudmf+OE1AScrWJndZEu8Kz094pr3CRN8XOuRC9nJCQ==","deviceSignature":"aPwFQsysUTPq5UcaaB6JU2Q/28ExqOo7V9jfgoap00eoQpkakObXnLhM6TzxZcHHmVr4Koiq/4ng8HQyO/aiiw=="},"me":{"id":"6289687140264:8@s.whatsapp.net","name":"az-zahra azila E"},"signalIdentities":[{"identifier":{"name":"6289687140264:8@s.whatsapp.net","deviceId":0},"identifierKey":{"type":"Buffer","data":"BWEis7ojYjNCi7KE96hel00JN8e71YtmiXuVexd7dM5J"}}],"platform":"smba","lastAccountSyncTimestamp":1687873341,"myAppStateKeyId":"AAAAAIi2"}