{"_sessions":{"BUmIzmuq/43qxIN8PGcZ6g2OnRbOjrm+k1w+kRZVmZkr":{"registrationId":175622524,"currentRatchet":{"ephemeralKeyPair":{"pubKey":"BdCCU/xah9faLRwkrSl0A21olptZN6/Mq+L+fk67Etpt","privKey":"6Pidk05/w1rkXeZ6nbH9xsXgJSEyOMzk7Q9jlixPP3Y="},"lastRemoteEphemeralKey":"BY91HkGP2tTGSq1KGg7Baa8QUjY/6sJx55iPqz2T9ChX","previousCounter":0,"rootKey":"1FfYmvWhdz+nmRXd4KtrUeONDSOYmExeoUJIMQ8c6Is="},"indexInfo":{"baseKey":"BUmIzmuq/43qxIN8PGcZ6g2OnRbOjrm+k1w+kRZVmZkr","baseKeyType":1,"closed":-1,"used":1687873448093,"created":1687873448093,"remoteIdentityKey":"Bb9Bvdiw1U05rWRI/p2ie84xHtUxVqXNyidZphijr485"},"_chains":{"BdCCU/xah9faLRwkrSl0A21olptZN6/Mq+L+fk67Etpt":{"chainKey":{"counter":2,"key":"j7mOBt/NNQ155/1YKnQaFypPWFUaZDmWrpCS9Q8kYKs="},"chainType":1,"messageKeys":{}}},"pendingPreKey":{"signedKeyId":19,"baseKey":"BUmIzmuq/43qxIN8PGcZ6g2OnRbOjrm+k1w+kRZVmZkr","preKeyId":12007857}}},"version":"v1"}