{"_sessions":{"BdIHx1pCyYhzF78Y7/JgY4SdRat0/8MLNZwYaPoFpgNj":{"registrationId":999452215,"currentRatchet":{"ephemeralKeyPair":{"pubKey":"BYEF/U+VdZQgVBzKwKfpyRMRrmlgq8ILp4KXvBG1g2EQ","privKey":"2KQr210usAVk8bQLzPLCxgUie489t1d+qvbrBK0ZQGk="},"lastRemoteEphemeralKey":"BbXyJAQD4GpACMBFl9KBQUR4XEgaPDhWFftXxl8aBrRW","previousCounter":0,"rootKey":"bSJwDuXjCwbwGBb6Nu3xwcKa1FZYmE23yE4+GjcImu4="},"indexInfo":{"baseKey":"BdIHx1pCyYhzF78Y7/JgY4SdRat0/8MLNZwYaPoFpgNj","baseKeyType":1,"closed":-1,"used":1687873448103,"created":1687873448103,"remoteIdentityKey":"BRI6/A5sj86MFghW9zfqiccccu5xS3KTHQUoTSlF6DVi"},"_chains":{"BYEF/U+VdZQgVBzKwKfpyRMRrmlgq8ILp4KXvBG1g2EQ":{"chainKey":{"counter":2,"key":"4htcrMvgeks6TDuvql8Cm9DDlk/MFHhrY+5LpjH70HU="},"chainType":1,"messageKeys":{}}},"pendingPreKey":{"signedKeyId":5,"baseKey":"BdIHx1pCyYhzF78Y7/JgY4SdRat0/8MLNZwYaPoFpgNj","preKeyId":2165372}}},"version":"v1"}