{"_sessions":{"BZNf6bAX/0aaHZ799mtj5dSghq3Qfa7BPVlFK+Fy+X8T":{"registrationId":1365097587,"currentRatchet":{"ephemeralKeyPair":{"pubKey":"Bc2W94+5SVMrFT99RygXw+E72fJ7bH6NLu9eFwcUGvIW","privKey":"wEzVsjgbA8iVutVfry4dEusSX4y2ezQNrm415RRmyEc="},"lastRemoteEphemeralKey":"BYKt4Yy6Q8eOWo+vyMMf08aZ68dMWczui378MlYBjgRy","previousCounter":0,"rootKey":"eGAadcZf/PfqIX4rZWbvZNtlZI+w33nEQ2JYdoq8ATs="},"indexInfo":{"baseKey":"BZNf6bAX/0aaHZ799mtj5dSghq3Qfa7BPVlFK+Fy+X8T","baseKeyType":1,"closed":1687873450076,"used":1687873444017,"created":1687873034964,"remoteIdentityKey":"BdQaXvEoffmORn0boybCm+XlNoGX+2jZW2Q+1MW13fgx"},"_chains":{"BbnnwB6BWwcmd/Joe2D0tZPJrkZTR4A5koS1OfpF/T10":{"chainKey":{"counter":0},"chainType":2,"messageKeys":{}},"BRq1nZbWWxkBaINxRvlUkqS9XbCCaU5GgaIWNYkv2ZEh":{"chainKey":{"counter":0},"chainType":2,"messageKeys":{}},"BRTASJNylV8PULcI8J8uBQ/1+vcnmwWCjPy6+y7xWlsJ":{"chainKey":{"counter":0},"chainType":2,"messageKeys":{}},"Bbv1Sb0oo+LG4x1BW0HqxBB7xOKVm/l71y3nuQpoCmQ5":{"chainKey":{"counter":1},"chainType":2,"messageKeys":{}},"BYKt4Yy6Q8eOWo+vyMMf08aZ68dMWczui378MlYBjgRy":{"chainKey":{"counter":0,"key":"WHDr2xVhuyEWA7QGiP+sV+BwKie+YAUm7IZ4irwucdM="},"chainType":2,"messageKeys":{}},"Bc2W94+5SVMrFT99RygXw+E72fJ7bH6NLu9eFwcUGvIW":{"chainKey":{"counter":-1,"key":"yGzJnTosWl9YMweTGM4jsOq7F2WjSrlCRRirIi1ZS3I="},"chainType":1,"messageKeys":{}}}},"BcVW2FWO+UA4awKVZGsGHGALKRqMtufcCQ6OyNUKQjEH":{"registrationId":1365097587,"currentRatchet":{"ephemeralKeyPair":{"pubKey":"BWnmvykY54bHFhVlt99S2Yya/uwJ25AvEztXJuMQ4lso","privKey":"UE6747KKJu3f9J0HjNCeuOll3G8IVqoBoTC6M+osoFE="},"lastRemoteEphemeralKey":"BUIj8qLQJwU3g7N+JjTbZ7Gcs9p+eQye5NdAi9pDuMVq","previousCounter":0,"rootKey":"vTSHpbPPz/oiDBCU8bPOOrUjh4QyiMgpJv8u34MnZmU="},"indexInfo":{"baseKey":"BcVW2FWO+UA4awKVZGsGHGALKRqMtufcCQ6OyNUKQjEH","baseKeyType":1,"closed":-1,"used":1687873450050,"created":1687873450050,"remoteIdentityKey":"BdQaXvEoffmORn0boybCm+XlNoGX+2jZW2Q+1MW13fgx"},"_chains":{"BWnmvykY54bHFhVlt99S2Yya/uwJ25AvEztXJuMQ4lso":{"chainKey":{"counter":1,"key":"xf8AWeKSvWGAhB3JSGJJdeZAT39nFw8o4iDcaUAcE9o="},"chainType":1,"messageKeys":{}}},"pendingPreKey":{"signedKeyId":14,"baseKey":"BcVW2FWO+UA4awKVZGsGHGALKRqMtufcCQ6OyNUKQjEH","preKeyId":15877733}}},"version":"v1"}