{"_sessions":{"BRC9LFYgkFsL8L6+f7vuGKJznK7JPajDgWUq5u7vyuQs":{"registrationId":1195164985,"currentRatchet":{"ephemeralKeyPair":{"pubKey":"Be3pqb7EQK8CSA5bRHqpCgwEMwK5DQvlEvpXrtKmW0xP","privKey":"AFBh78ddw1puEk4gCoJQibrPobXy0FXj8QJs+55Nhkg="},"lastRemoteEphemeralKey":"BZN0Y2ePziYOlwnk3oa2TVDJyD8p6bmBEirGpwletlZn","previousCounter":0,"rootKey":"ctCwgjNnEVxk8Y1tnfgz85Y0eMW/eOTgsMPMOjZcN74="},"indexInfo":{"baseKey":"BRC9LFYgkFsL8L6+f7vuGKJznK7JPajDgWUq5u7vyuQs","baseKeyType":1,"closed":-1,"used":1687873448115,"created":1687873448115,"remoteIdentityKey":"BZFysuW80/x9pYXCUVBMp0w83Oyp66CQfwFIeL4YlJsT"},"_chains":{"Be3pqb7EQK8CSA5bRHqpCgwEMwK5DQvlEvpXrtKmW0xP":{"chainKey":{"counter":2,"key":"qzMxRyJMdOeePmWe6f/ukrBRKfLyeUzmSYJ2F8awbX0="},"chainType":1,"messageKeys":{}}},"pendingPreKey":{"signedKeyId":1,"baseKey":"BRC9LFYgkFsL8L6+f7vuGKJznK7JPajDgWUq5u7vyuQs","preKeyId":3440846}}},"version":"v1"}