{"_sessions":{"BRQk1kkK5qJmCbzxeYw0m6KA3GfKuoeQbVr8Kqt8pcQG":{"registrationId":91,"currentRatchet":{"ephemeralKeyPair":{"pubKey":"BWGcmtWwebp9StuNTjb4cklIDnOW0PVnbzb/JIsEqGQG","privKey":"OO7cI/DD0UcQxiFwE6o2JurO/GCgsekA8GbagEecxk0="},"lastRemoteEphemeralKey":"BSHMDI7dtnHnJvWvNK4ealSmNLWO5hVvTJ7e7rWD/z4y","previousCounter":0,"rootKey":"xNVrielsmBHQfxtK6jve4C9VRF7uYoGxTCz2Q7K2WFE="},"indexInfo":{"baseKey":"BRQk1kkK5qJmCbzxeYw0m6KA3GfKuoeQbVr8Kqt8pcQG","baseKeyType":1,"closed":-1,"used":1687873448083,"created":1687873448083,"remoteIdentityKey":"BUH8ZNqgSE8tDGu1UBC5A/6DMImfEB9qB8nqOPLSikUl"},"_chains":{"BWGcmtWwebp9StuNTjb4cklIDnOW0PVnbzb/JIsEqGQG":{"chainKey":{"counter":2,"key":"rT7puGyc/C7ee5c+Qmtd8o2vBeyqVhccfOgXWKRV4iw="},"chainType":1,"messageKeys":{}}},"pendingPreKey":{"signedKeyId":1,"baseKey":"BRQk1kkK5qJmCbzxeYw0m6KA3GfKuoeQbVr8Kqt8pcQG","preKeyId":60}}},"version":"v1"}