{"_sessions":{"BTJchyjJ6xq971LJUuLunkSU7c4k1565LCoxHk/Pkupv":{"registrationId":251,"currentRatchet":{"ephemeralKeyPair":{"pubKey":"BdlWN03BdnHxoli1MSF1ktHM5DDCkSUeMNe7yrq/oU0i","privKey":"eJ+IFjN6nkU7JY+OqeVIe/OfFkV7X8p3ysD2Ewrqr1g="},"lastRemoteEphemeralKey":"BStpjTzrAKd9ilL3etesKleQ99N/TV5V6fKAOJq52q1X","previousCounter":0,"rootKey":"KK8h6qhW6UXhcADHuU5Wa7WWR50wfwtXY4JsmkT6Zlc="},"indexInfo":{"baseKey":"BTJchyjJ6xq971LJUuLunkSU7c4k1565LCoxHk/Pkupv","baseKeyType":1,"closed":-1,"used":1687873034950,"created":1687873034950,"remoteIdentityKey":"BQ6wkpTDDJIRdk5kvf9w2Qbqx40elKeL7dEBwa7wQLBD"},"_chains":{"BdlWN03BdnHxoli1MSF1ktHM5DDCkSUeMNe7yrq/oU0i":{"chainKey":{"counter":8,"key":"AvPD+ZWIxZSwyFAI6mmx6tHkxjkT0X9/GEBNeu938I4="},"chainType":1,"messageKeys":{}}},"pendingPreKey":{"signedKeyId":1,"baseKey":"BTJchyjJ6xq971LJUuLunkSU7c4k1565LCoxHk/Pkupv"}}},"version":"v1"}