{"_sessions":{"BUTAbKo2KsdLWAnnSnzdwdTHY3ZoQjoEV8OwSJMP1MB9":{"registrationId":210,"currentRatchet":{"ephemeralKeyPair":{"pubKey":"BT1p+biP7p3Mu1bjapZKq1WaiL1ROb1JZKFPN4DaOKwB","privKey":"UM8vDbrtG3MlWeaA7t617SfAqNzxMEWcDQgKzw7PM20="},"lastRemoteEphemeralKey":"BTmNrLn0kj3GM3uAlk33Kke5/DIidsIquXUTvg4qtkdj","previousCounter":0,"rootKey":"4xCJk58HCuyccSo6prCZgNTH65b7y+fcGEG7T4jEbHI="},"indexInfo":{"baseKey":"BUTAbKo2KsdLWAnnSnzdwdTHY3ZoQjoEV8OwSJMP1MB9","baseKeyType":1,"closed":-1,"used":1687873034932,"created":1687873034932,"remoteIdentityKey":"BaBCSpw8dWs7ml2pwALApo6RXAJcjpKuE+c4LnYUfTh/"},"_chains":{"BT1p+biP7p3Mu1bjapZKq1WaiL1ROb1JZKFPN4DaOKwB":{"chainKey":{"counter":8,"key":"Q/6zqrzuCMHbqsNQcVtHduIPik6LRnU3BT9Nigvd2Bc="},"chainType":1,"messageKeys":{}}},"pendingPreKey":{"signedKeyId":1,"baseKey":"BUTAbKo2KsdLWAnnSnzdwdTHY3ZoQjoEV8OwSJMP1MB9"}}},"version":"v1"}