{"_sessions":{"BWOEN3WBJoKLUF8u8ASdtpgB2svoWybpBDOczZ39QYkm":{"registrationId":326,"currentRatchet":{"ephemeralKeyPair":{"pubKey":"BZVZ34iChTQSBjSvsyBXb768QezqtrgQzpKCVm4lVmAD","privKey":"APP9iaMRG6qzF5NLLHWZaXhnTBHIp+qqnqrDlXNy2WY="},"lastRemoteEphemeralKey":"BVNiTMh4XQAxGwJgNwA1i5QhrwKUGhk728BgUIvJ4NFw","previousCounter":0,"rootKey":"acCNS8+vA1df2tnSZm7NR2NQ17accu/oHE4CtsVfoQo="},"indexInfo":{"baseKey":"BWOEN3WBJoKLUF8u8ASdtpgB2svoWybpBDOczZ39QYkm","baseKeyType":1,"closed":-1,"used":1687873034956,"created":1687873034956,"remoteIdentityKey":"BcJY07vDl/5/9yJdt52sqne8IDoCCSR0LBtdgESJAGA7"},"_chains":{"BZVZ34iChTQSBjSvsyBXb768QezqtrgQzpKCVm4lVmAD":{"chainKey":{"counter":8,"key":"VUHdsk/8DasgmIg/nJmyUpCbbxxq4vDWvvbHuuhn2fY="},"chainType":1,"messageKeys":{}}},"pendingPreKey":{"signedKeyId":1,"baseKey":"BWOEN3WBJoKLUF8u8ASdtpgB2svoWybpBDOczZ39QYkm"}}},"version":"v1"}