{"_sessions":{"BU9RTXr2g42P10Fmryztk6/XkS3nBPNEzU0A+IAgiEVQ":{"registrationId":1342686156,"currentRatchet":{"ephemeralKeyPair":{"pubKey":"BTYXnEYCkS/OFE+IVe0dr6G+peSgRFchcYNlCH1sk/wl","privKey":"YH4j+ihzQ81U+FvMYZ3RhkgqP491vk3ywVu6rMG9pmw="},"lastRemoteEphemeralKey":"BRX9aB3NzZq0FoOLac7c2t2vTqkYFMRb2wP2QXcfwWla","previousCounter":0,"rootKey":"oQy8c4VUamkVijzpfCgH47uKMIhSSa/0Wp5xsZVam6I="},"indexInfo":{"baseKey":"BU9RTXr2g42P10Fmryztk6/XkS3nBPNEzU0A+IAgiEVQ","baseKeyType":2,"closed":1687873451403,"used":1687873053753,"created":1687873034296,"remoteIdentityKey":"BWEis7ojYjNCi7KE96hel00JN8e71YtmiXuVexd7dM5J"},"_chains":{"BfDNe5tx7Zo5VAL9SRr0TryUtCogfBOIfyULlTys7T9E":{"chainKey":{"counter":1},"chainType":2,"messageKeys":{}},"BRX9aB3NzZq0FoOLac7c2t2vTqkYFMRb2wP2QXcfwWla":{"chainKey":{"counter":4,"key":"BwmsEPNLahTpEdcGr8Ggl66qbstZVBkswYw1qmSA8k8="},"chainType":2,"messageKeys":{}},"BTYXnEYCkS/OFE+IVe0dr6G+peSgRFchcYNlCH1sk/wl":{"chainKey":{"counter":5,"key":"FmmACWAS125EHPmGbdhO1iSA6z28hlXfvcVT9PbhP5M="},"chainType":1,"messageKeys":{}}}},"BRD08zHjufI2m277LA+tFFjDLCeOLCTMbY7kQJET0yFn":{"registrationId":1342686156,"currentRatchet":{"ephemeralKeyPair":{"pubKey":"BQ37GuxQCE/d39uLUgZb9Qa/jc4lotvo9HMD5bqRUkE/","privKey":"kLsTIfB4i3q8BO7Yd5gDF3jCx/7BpcTmY8pukCO6/XQ="},"lastRemoteEphemeralKey":"BaOula9ty7TWL2vKiIFU6rJpFLugbGcwkCGyoCtNIcYp","previousCounter":0,"rootKey":"GGjfa5qIzauOzRRr6Vu/ESJG+S1OE4fERRGijDKpY9k="},"indexInfo":{"baseKey":"BRD08zHjufI2m277LA+tFFjDLCeOLCTMbY7kQJET0yFn","baseKeyType":1,"closed":-1,"used":1687873451390,"created":1687873451390,"remoteIdentityKey":"BWEis7ojYjNCi7KE96hel00JN8e71YtmiXuVexd7dM5J"},"_chains":{"BQ37GuxQCE/d39uLUgZb9Qa/jc4lotvo9HMD5bqRUkE/":{"chainKey":{"counter":0,"key":"PT8XbTLUl+ozsuETqqXfQIfrI9qqVBVKFZ3Vu+0JSws="},"chainType":1,"messageKeys":{}}},"pendingPreKey":{"signedKeyId":26,"baseKey":"BRD08zHjufI2m277LA+tFFjDLCeOLCTMbY7kQJET0yFn","preKeyId":11555627}}},"version":"v1"}