{"_sessions":{"Bd/1rZF8RSsEONf5a8uiVkXwtNKmoY/1uJY6o33ZNmNu":{"registrationId":21227044,"currentRatchet":{"ephemeralKeyPair":{"pubKey":"BeeEv0jF3nhIcqGNl02Reoh97wcAdC0xobk2ki8ZA9sW","privKey":"ULz5RMW4IUMUwXFVh2Ou0BwrgvaSa4zASUOn2ZdBBW4="},"lastRemoteEphemeralKey":"BYY4LUBL62NAjNwvi/f9bK4Ffm7wdTZlzI7r/p+4aE4h","previousCounter":0,"rootKey":"KJ2vCWyg2N1ZmDVU7T6QM8UhiKZjOB73Ie3N0V6yWpM="},"indexInfo":{"baseKey":"Bd/1rZF8RSsEONf5a8uiVkXwtNKmoY/1uJY6o33ZNmNu","baseKeyType":2,"closed":-1,"used":1687874132086,"created":1687874132086,"remoteIdentityKey":"BeHAAwjzC0ZMjMPVJf2JtGnAzmGDZVTJZ1zrZjhR5Tpz"},"_chains":{"BYY4LUBL62NAjNwvi/f9bK4Ffm7wdTZlzI7r/p+4aE4h":{"chainKey":{"counter":0,"key":"0ioRWmctVd6hFfNAc943QegaIc4DD0MwlURQv5GocMo="},"chainType":2,"messageKeys":{}},"BeeEv0jF3nhIcqGNl02Reoh97wcAdC0xobk2ki8ZA9sW":{"chainKey":{"counter":-1,"key":"WPe7C9Mnos6OJGLlMWPzCQwogdL04Pi6e5HO0fZpOWI="},"chainType":1,"messageKeys":{}}}}},"version":"v1"}