{"_sessions":{"BWXZIdw0E6nJugClTeYfx+GX24ebHJFpp1hyWUhEayYY":{"registrationId":587147569,"currentRatchet":{"ephemeralKeyPair":{"pubKey":"Bea7AnLrX9iiq1G6JmHybZRmePOwlhgX5RpiOjiVxWcr","privKey":"iJ7hqz25Gz7DxgQ3oWiNM2wmjrt0YwP0ibEBLA3qDls="},"lastRemoteEphemeralKey":"BWapuhh8u7v8YBMwa8R0wMXKCisrauf1CAN9viiJ++46","previousCounter":0,"rootKey":"Hx8aYgqvjuEujJBXuKzShT81XKrxNiy+Y0P9ZSlOtlU="},"indexInfo":{"baseKey":"BWXZIdw0E6nJugClTeYfx+GX24ebHJFpp1hyWUhEayYY","baseKeyType":2,"closed":-1,"used":1687873128431,"created":1687873128431,"remoteIdentityKey":"Be47nP21QkVr7SDSU+o4c5AeUEGRrfXT3Mg4Kb+e5ndF"},"_chains":{"BWapuhh8u7v8YBMwa8R0wMXKCisrauf1CAN9viiJ++46":{"chainKey":{"counter":0,"key":"T2Jg5HC7fiN1C7uiKq0v9NPHjQoitNoBPfmypjIh0+w="},"chainType":2,"messageKeys":{}},"Bea7AnLrX9iiq1G6JmHybZRmePOwlhgX5RpiOjiVxWcr":{"chainKey":{"counter":-1,"key":"yMm15Bb8oAy+3mlZbTuqRJFCxqQNH6ZfUk1t89IwaWU="},"chainType":1,"messageKeys":{}}}}},"version":"v1"}