{"_sessions":{"BV5kRd9h1qvevkX6Y4HBbFJ6o1UD0E1FzPThawtx44t5":{"registrationId":213,"currentRatchet":{"ephemeralKeyPair":{"pubKey":"BVciD9s1jOtAlW0kcaOuxT4ov+Y3ofKJAoyXTIAnUzJL","privKey":"WC13JPgDCuPB+vkZ/kmSt4uJiQwhny2BAWeKHNxRBXo="},"lastRemoteEphemeralKey":"BWDcVj1vamPjOsEpyceruj+uwBWsJBchhJzBdGSGjeYK","previousCounter":0,"rootKey":"7KgpPEO19mojMWUYuRQ+aC2ch9nYdyDxpG0QCO9FlXI="},"indexInfo":{"baseKey":"BV5kRd9h1qvevkX6Y4HBbFJ6o1UD0E1FzPThawtx44t5","baseKeyType":1,"closed":-1,"used":1687873034942,"created":1687873034942,"remoteIdentityKey":"BaPXQMverjpnp3r5kHPXNolNvNDLqE4b3Qf0c6fb6zt2"},"_chains":{"BVciD9s1jOtAlW0kcaOuxT4ov+Y3ofKJAoyXTIAnUzJL":{"chainKey":{"counter":8,"key":"oDc/S3KycAd9uixJ32JXVE05ePEAqMf0IkOe4PfpLdg="},"chainType":1,"messageKeys":{}}},"pendingPreKey":{"signedKeyId":1,"baseKey":"BV5kRd9h1qvevkX6Y4HBbFJ6o1UD0E1FzPThawtx44t5"}}},"version":"v1"}